{
    "services":[
        {
            "service_name":"synapse",
            "subscription_id":"e87cf38c-8f6f-4cb2-a8ec-886a94bc28d5",
            "primaryResourceGroup": "edm-sbx-sea-rg",
            "PrimarySynapseWorkspace": "edm-sbx-sea-synws",
            "primaryPoolName": "testpool",
            "SecondaryResourceGroup": "edm-sbx-ea-001-rg",
            "SecondarySynapseWorkspace": "edm-sbx-ea-001-synws",
            "SecondaryPoolName": "testpool",
            "DWPerformanceValue": "DW100c",
            "BeginSynapseFailOver": "True",
            "CreateRestorePoint": "False",
            "RemoveRestorePoint": "False"
        },
        { 
             "service_name": "storageaccount",
             "primaryResourceGroup": "NetworkWatcherRG",
             "primaryStorageAccount":"edmtestscbsa01",
             "SecondaryResourceGroup": "NetworkWatcherRG",
             "SecondaryStorageAccount": "edmtestscbsa01",
             "sku": "Standard_RAGRS",
             "BeginSAFailover": "True"
        },
        { 
            "service_name": "azsql",
            "PrimaryresourceGroupName": "edm-sbx-sea-rg",
            "PrimaryserverName":"edmp-sbx-sea-asqlsrv",
            "SecondaryresourceGroupName": "edm-sbx-sea-rg",
            "SecondaryserverName": "sqlserver-hk",
            "failoverGroupName": "scb-sql-failover-group",
            "BeginSQLFailOver": "True",
            "BeginSQLFailback":"True"
       },
       { 
        "service_name": "databricks",
        "BeginDatabricksFailOver": "True"
   }

    ]
  }